order,studio_name,city,telegram_url,first_sent,due,status,sent_at,replied,note,followup_message
1,Business Stream,Санкт-Петербург,https://t.me/indance85,2026-09-13,2026-09-27,отправлено,2026-09-27 16:54,,studiorent; залов: 2; Telegram из блока связи с предзаполненным текстом; evidenc; wave3 follow-up sent,"Подскажите, запись у вас всё ещё руками в Telegram или уже чем-то закрыли?\nЕсли руками — могу показать демо за 2 минуты: https://t.me/Studio_book_bot\nЕсли не актуально — напишите, больше не потревожу."
2,Cast Room,Санкт-Петербург,https://t.me/castrooms,2026-09-13,2026-09-27,отправлено,2026-09-27 16:54,,studiorent; залов: 1; Telegram из блока связи с предзаполненным текстом; evidenc; wave3 follow-up sent,"Подскажите, запись у вас всё ещё руками в Telegram или уже чем-то закрыли?\nЕсли руками — могу показать демо за 2 минуты: https://t.me/Studio_book_bot\nЕсли не актуально — напишите, больше не потревожу."
3,DeFox Studio / Фотостудия ДеФокс,Санкт-Петербург,https://t.me/Denphenix,2026-09-13,2026-09-27,отправлено,2026-09-27 16:54,,studiorent; залов: 1; Telegram из блока связи с предзаполненным текстом; evidenc; wave3 follow-up sent,"Подскажите, запись у вас всё ещё руками в Telegram или уже чем-то закрыли?\nЕсли руками — могу показать демо за 2 минуты: https://t.me/Studio_book_bot\nЕсли не актуально — напишите, больше не потревожу."
4,Nimyata / Нимята,Санкт-Петербург,https://t.me/nimyata_studio,2026-09-13,2026-09-27,отправлено,2026-09-27 16:54,,studiorent; залов: 3; Telegram из блока связи с предзаполненным текстом; evidenc; wave3 follow-up sent,"Подскажите, запись у вас всё ещё руками в Telegram или уже чем-то закрыли?\nЕсли руками — могу показать демо за 2 минуты: https://t.me/Studio_book_bot\nЕсли не актуально — напишите, больше не потревожу."
5,Phollond Media / Фоллонд Медиа,Санкт-Петербург,https://t.me/papkadjo,2026-09-13,2026-09-27,отправлено,2026-09-27 16:54,,studiorent; залов: 2; Telegram из блока связи с предзаполненным текстом; evidenc; wave3 follow-up sent,"Подскажите, запись у вас всё ещё руками в Telegram или уже чем-то закрыли?\nЕсли руками — могу показать демо за 2 минуты: https://t.me/Studio_book_bot\nЕсли не актуально — напишите, больше не потревожу."
6,SM STUDIO,Санкт-Петербург,https://t.me/spb_sm_studio,2026-09-13,2026-09-27,неактуально,,неактуально / отказ,wave3: неактуально — не писать,"Подскажите, запись у вас всё ещё руками в Telegram или уже чем-то закрыли?\nЕсли руками — могу показать демо за 2 минуты: https://t.me/Studio_book_bot\nЕсли не актуально — напишите, больше не потревожу."
7,Stormy Studio,Санкт-Петербург,https://t.me/stormy_studio2,2026-09-13,2026-09-27,неактуально,,неактуально / отказ,wave3: неактуально — не писать,"Подскажите, запись у вас всё ещё руками в Telegram или уже чем-то закрыли?\nЕсли руками — могу показать демо за 2 минуты: https://t.me/Studio_book_bot\nЕсли не актуально — напишите, больше не потревожу."
8,TactiXIQ Content Studio,Санкт-Петербург,https://t.me/TactiXIQStudio,2026-09-13,2026-09-27,отправлено,2026-09-27 16:54,,studiorent; залов: 1; Telegram из блока связи с предзаполненным текстом; evidenc; wave3 follow-up sent,"Подскажите, запись у вас всё ещё руками в Telegram или уже чем-то закрыли?\nЕсли руками — могу показать демо за 2 минуты: https://t.me/Studio_book_bot\nЕсли не актуально — напишите, больше не потревожу."
9,Опен Студия,Санкт-Петербург,https://t.me/open_studio,2026-09-13,2026-09-27,отправлено,2026-09-27 16:54,,studiorent; залов: 3; Telegram из блока связи с предзаполненным текстом; evidenc; wave3 follow-up sent,"Подскажите, запись у вас всё ещё руками в Telegram или уже чем-то закрыли?\nЕсли руками — могу показать демо за 2 минуты: https://t.me/Studio_book_bot\nЕсли не актуально — напишите, больше не потревожу."
10,Студия Блок,Санкт-Петербург,https://t.me/blockspb_studio,2026-09-13,2026-09-27,неактуально,,неактуально / отказ,wave3: неактуально — не писать,"Подскажите, запись у вас всё ещё руками в Telegram или уже чем-то закрыли?\nЕсли руками — могу показать демо за 2 минуты: https://t.me/Studio_book_bot\nЕсли не актуально — напишите, больше не потревожу."
11,Твой момент,Санкт-Петербург,https://t.me/tvoymoment_client,2026-09-13,2026-09-27,отправлено,2026-09-27 16:54,,studiorent; залов: 2; Telegram из блока связи с предзаполненным текстом; evidenc; wave3 follow-up sent,"Подскажите, запись у вас всё ещё руками в Telegram или уже чем-то закрыли?\nЕсли руками — могу показать демо за 2 минуты: https://t.me/Studio_book_bot\nЕсли не актуально — напишите, больше не потревожу."
12,студия Фотка,Санкт-Петербург,https://t.me/FotkaStudio,2026-09-13,2026-09-27,отправлено,2026-09-27 16:54,,studiorent; залов: 1; Telegram из блока связи с предзаполненным текстом; evidenc; wave3 follow-up sent,"Подскажите, запись у вас всё ещё руками в Telegram или уже чем-то закрыли?\nЕсли руками — могу показать демо за 2 минуты: https://t.me/Studio_book_bot\nЕсли не актуально — напишите, больше не потревожу."
